--------------------------------------------------------
-- Archivo creado  - martes-abril-23-2019   
--------------------------------------------------------
--------------------------------------------------------
--  DDL for Table DEPARTAMENTOS
--------------------------------------------------------

  CREATE TABLE "DESVAN"."DEPARTAMENTOS" 
   (	"CODIGO" NUMBER(5,0), 
	"NOMBRE" VARCHAR2(20 BYTE)
   ) SEGMENT CREATION IMMEDIATE 
  PCTFREE 10 PCTUSED 40 INITRANS 1 MAXTRANS 255 NOCOMPRESS LOGGING
  STORAGE(INITIAL 65536 NEXT 1048576 MINEXTENTS 1 MAXEXTENTS 2147483645
  PCTINCREASE 0 FREELISTS 1 FREELIST GROUPS 1 BUFFER_POOL DEFAULT FLASH_CACHE DEFAULT CELL_FLASH_CACHE DEFAULT)
  TABLESPACE "SYSTEM" ;
--------------------------------------------------------
--  DDL for Table EMPLEADOS
--------------------------------------------------------

  CREATE TABLE "DESVAN"."EMPLEADOS" 
   (	"CODIGO" NUMBER(5,0), 
	"NOMBRE" VARCHAR2(30 BYTE), 
	"HIJOS" NUMBER(2,0), 
	"RETENCION" NUMBER(2,0), 
	"CUENTA" CHAR(20 BYTE), 
	"FNACIMIENTO" DATE
   ) SEGMENT CREATION IMMEDIATE 
  PCTFREE 10 PCTUSED 40 INITRANS 1 MAXTRANS 255 NOCOMPRESS LOGGING
  STORAGE(INITIAL 65536 NEXT 1048576 MINEXTENTS 1 MAXEXTENTS 2147483645
  PCTINCREASE 0 FREELISTS 1 FREELIST GROUPS 1 BUFFER_POOL DEFAULT FLASH_CACHE DEFAULT CELL_FLASH_CACHE DEFAULT)
  TABLESPACE "SYSTEM" ;
--------------------------------------------------------
--  DDL for Table JUST_NOMINAS
--------------------------------------------------------

  CREATE TABLE "DESVAN"."JUST_NOMINAS" 
   (	"MES" NUMBER(2,0), 
	"EJERCICIO" NUMBER(4,0), 
	"INGRESO" NUMBER(8,0), 
	"DESCUENTO" NUMBER(8,0), 
	"COD_EMP" NUMBER(5,0)
   ) SEGMENT CREATION IMMEDIATE 
  PCTFREE 10 PCTUSED 40 INITRANS 1 MAXTRANS 255 NOCOMPRESS LOGGING
  STORAGE(INITIAL 65536 NEXT 1048576 MINEXTENTS 1 MAXEXTENTS 2147483645
  PCTINCREASE 0 FREELISTS 1 FREELIST GROUPS 1 BUFFER_POOL DEFAULT FLASH_CACHE DEFAULT CELL_FLASH_CACHE DEFAULT)
  TABLESPACE "SYSTEM" ;
--------------------------------------------------------
--  DDL for Table LINEAS
--------------------------------------------------------

  CREATE TABLE "DESVAN"."LINEAS" 
   (	"NUMERO" NUMBER(5,0), 
	"CANTIDAD" NUMBER(8,0), 
	"BASE" NUMBER(8,0), 
	"PORCENTAJE" NUMBER(2,0), 
	"MES" NUMBER(2,0), 
	"EJERCICIO" NUMBER(4,0), 
	"COD_EMP" NUMBER(5,0)
   ) SEGMENT CREATION IMMEDIATE 
  PCTFREE 10 PCTUSED 40 INITRANS 1 MAXTRANS 255 NOCOMPRESS LOGGING
  STORAGE(INITIAL 65536 NEXT 1048576 MINEXTENTS 1 MAXEXTENTS 2147483645
  PCTINCREASE 0 FREELISTS 1 FREELIST GROUPS 1 BUFFER_POOL DEFAULT FLASH_CACHE DEFAULT CELL_FLASH_CACHE DEFAULT)
  TABLESPACE "SYSTEM" ;
--------------------------------------------------------
--  DDL for Table TRABAJAN
--------------------------------------------------------

  CREATE TABLE "DESVAN"."TRABAJAN" 
   (	"COD_EMP" NUMBER(5,0), 
	"COD_DEP" NUMBER(5,0), 
	"FUNCION" VARCHAR2(30 BYTE)
   ) SEGMENT CREATION IMMEDIATE 
  PCTFREE 10 PCTUSED 40 INITRANS 1 MAXTRANS 255 NOCOMPRESS LOGGING
  STORAGE(INITIAL 65536 NEXT 1048576 MINEXTENTS 1 MAXEXTENTS 2147483645
  PCTINCREASE 0 FREELISTS 1 FREELIST GROUPS 1 BUFFER_POOL DEFAULT FLASH_CACHE DEFAULT CELL_FLASH_CACHE DEFAULT)
  TABLESPACE "SYSTEM" ;
REM INSERTING into DESVAN.DEPARTAMENTOS
SET DEFINE OFF;
Insert into DESVAN.DEPARTAMENTOS (CODIGO,NOMBRE) values ('1','Ventas');
Insert into DESVAN.DEPARTAMENTOS (CODIGO,NOMBRE) values ('2','Compras');
Insert into DESVAN.DEPARTAMENTOS (CODIGO,NOMBRE) values ('3','Marketing');
Insert into DESVAN.DEPARTAMENTOS (CODIGO,NOMBRE) values ('4','Recursos Humanos');
Insert into DESVAN.DEPARTAMENTOS (CODIGO,NOMBRE) values ('5','Administración');
Insert into DESVAN.DEPARTAMENTOS (CODIGO,NOMBRE) values ('6','Dirección');
Insert into DESVAN.DEPARTAMENTOS (CODIGO,NOMBRE) values ('23','fasdd');
Insert into DESVAN.DEPARTAMENTOS (CODIGO,NOMBRE) values ('45','ggsad');
REM INSERTING into DESVAN.EMPLEADOS
SET DEFINE OFF;
Insert into DESVAN.EMPLEADOS (CODIGO,NOMBRE,HIJOS,RETENCION,CUENTA,FNACIMIENTO) values ('11','Juan Ignacio Martinez','0','10','12341234121234567890',to_date('01/02/60','DD/MM/RR'));
Insert into DESVAN.EMPLEADOS (CODIGO,NOMBRE,HIJOS,RETENCION,CUENTA,FNACIMIENTO) values ('1','José Luis Pérez','2','12','12342233121122334455',to_date('12/04/64','DD/MM/RR'));
Insert into DESVAN.EMPLEADOS (CODIGO,NOMBRE,HIJOS,RETENCION,CUENTA,FNACIMIENTO) values ('2341','Fernando Romero Días','1','8','21341234560987654321',to_date('25/09/55','DD/MM/RR'));
Insert into DESVAN.EMPLEADOS (CODIGO,NOMBRE,HIJOS,RETENCION,CUENTA,FNACIMIENTO) values ('11223','Manuel Lopez Marín','0','10','55443322110099887766',to_date('13/12/63','DD/MM/RR'));
Insert into DESVAN.EMPLEADOS (CODIGO,NOMBRE,HIJOS,RETENCION,CUENTA,FNACIMIENTO) values ('67890','Alfonso Gutierrez Lopez','1','12','12563478001234567890',to_date('05/11/67','DD/MM/RR'));
Insert into DESVAN.EMPLEADOS (CODIGO,NOMBRE,HIJOS,RETENCION,CUENTA,FNACIMIENTO) values ('111','Encarna Lopez Lopez','0','10','99118822773344665500',to_date('15/03/68','DD/MM/RR'));
Insert into DESVAN.EMPLEADOS (CODIGO,NOMBRE,HIJOS,RETENCION,CUENTA,FNACIMIENTO) values ('2031','Ines Montero Zafra','1','8','42341534129234567890',to_date('22/02/72','DD/MM/RR'));
Insert into DESVAN.EMPLEADOS (CODIGO,NOMBRE,HIJOS,RETENCION,CUENTA,FNACIMIENTO) values ('9876','Rosa Lorite Lopez','0','10','52341234521214567890',to_date('18/08/75','DD/MM/RR'));
Insert into DESVAN.EMPLEADOS (CODIGO,NOMBRE,HIJOS,RETENCION,CUENTA,FNACIMIENTO) values ('96352','Lola Martinez Contreras','1','11','22341224121224567820',to_date('09/03/75','DD/MM/RR'));
Insert into DESVAN.EMPLEADOS (CODIGO,NOMBRE,HIJOS,RETENCION,CUENTA,FNACIMIENTO) values ('76543','Francisca Colate Gonzalez','3','7','12343234121334567893',to_date('02/03/69','DD/MM/RR'));
Insert into DESVAN.EMPLEADOS (CODIGO,NOMBRE,HIJOS,RETENCION,CUENTA,FNACIMIENTO) values ('73152','María Pascual Rojo','3','7','12351234151234567590',to_date('09/12/73','DD/MM/RR'));
Insert into DESVAN.EMPLEADOS (CODIGO,NOMBRE,HIJOS,RETENCION,CUENTA,FNACIMIENTO) values ('64738','Andrés Morales Martín','3','7','22341154116231563690',to_date('20/01/64','DD/MM/RR'));
REM INSERTING into DESVAN.JUST_NOMINAS
SET DEFINE OFF;
Insert into DESVAN.JUST_NOMINAS (MES,EJERCICIO,INGRESO,DESCUENTO,COD_EMP) values ('10','2006','1200','200','1');
Insert into DESVAN.JUST_NOMINAS (MES,EJERCICIO,INGRESO,DESCUENTO,COD_EMP) values ('11','2006','1200','200','1');
Insert into DESVAN.JUST_NOMINAS (MES,EJERCICIO,INGRESO,DESCUENTO,COD_EMP) values ('12','2006','1200','200','1');
Insert into DESVAN.JUST_NOMINAS (MES,EJERCICIO,INGRESO,DESCUENTO,COD_EMP) values ('1','2007','1200','200','1');
Insert into DESVAN.JUST_NOMINAS (MES,EJERCICIO,INGRESO,DESCUENTO,COD_EMP) values ('10','2006','1500','300','2341');
Insert into DESVAN.JUST_NOMINAS (MES,EJERCICIO,INGRESO,DESCUENTO,COD_EMP) values ('11','2006','1500','300','2341');
Insert into DESVAN.JUST_NOMINAS (MES,EJERCICIO,INGRESO,DESCUENTO,COD_EMP) values ('12','2006','1500','300','2341');
Insert into DESVAN.JUST_NOMINAS (MES,EJERCICIO,INGRESO,DESCUENTO,COD_EMP) values ('1','2007','1500','300','2341');
Insert into DESVAN.JUST_NOMINAS (MES,EJERCICIO,INGRESO,DESCUENTO,COD_EMP) values ('10','2006','1000','100','11223');
Insert into DESVAN.JUST_NOMINAS (MES,EJERCICIO,INGRESO,DESCUENTO,COD_EMP) values ('11','2006','1000','100','11223');
Insert into DESVAN.JUST_NOMINAS (MES,EJERCICIO,INGRESO,DESCUENTO,COD_EMP) values ('12','2006','1000','100','11223');
Insert into DESVAN.JUST_NOMINAS (MES,EJERCICIO,INGRESO,DESCUENTO,COD_EMP) values ('1','2007','1000','100','11223');
Insert into DESVAN.JUST_NOMINAS (MES,EJERCICIO,INGRESO,DESCUENTO,COD_EMP) values ('10','2006','1200','200','67890');
Insert into DESVAN.JUST_NOMINAS (MES,EJERCICIO,INGRESO,DESCUENTO,COD_EMP) values ('11','2006','1200','200','67890');
Insert into DESVAN.JUST_NOMINAS (MES,EJERCICIO,INGRESO,DESCUENTO,COD_EMP) values ('12','2006','1200','200','67890');
Insert into DESVAN.JUST_NOMINAS (MES,EJERCICIO,INGRESO,DESCUENTO,COD_EMP) values ('1','2007','1200','200','67890');
Insert into DESVAN.JUST_NOMINAS (MES,EJERCICIO,INGRESO,DESCUENTO,COD_EMP) values ('10','2006','1200','200','111');
Insert into DESVAN.JUST_NOMINAS (MES,EJERCICIO,INGRESO,DESCUENTO,COD_EMP) values ('11','2006','1200','200','111');
Insert into DESVAN.JUST_NOMINAS (MES,EJERCICIO,INGRESO,DESCUENTO,COD_EMP) values ('12','2006','1200','200','111');
Insert into DESVAN.JUST_NOMINAS (MES,EJERCICIO,INGRESO,DESCUENTO,COD_EMP) values ('1','2007','1200','200','111');
Insert into DESVAN.JUST_NOMINAS (MES,EJERCICIO,INGRESO,DESCUENTO,COD_EMP) values ('10','2006','1200','200','2031');
Insert into DESVAN.JUST_NOMINAS (MES,EJERCICIO,INGRESO,DESCUENTO,COD_EMP) values ('11','2006','1200','200','2031');
Insert into DESVAN.JUST_NOMINAS (MES,EJERCICIO,INGRESO,DESCUENTO,COD_EMP) values ('12','2006','1200','200','2031');
Insert into DESVAN.JUST_NOMINAS (MES,EJERCICIO,INGRESO,DESCUENTO,COD_EMP) values ('1','2007','1200','200','2031');
Insert into DESVAN.JUST_NOMINAS (MES,EJERCICIO,INGRESO,DESCUENTO,COD_EMP) values ('10','2006','1200','200','9876');
Insert into DESVAN.JUST_NOMINAS (MES,EJERCICIO,INGRESO,DESCUENTO,COD_EMP) values ('11','2006','1200','200','9876');
Insert into DESVAN.JUST_NOMINAS (MES,EJERCICIO,INGRESO,DESCUENTO,COD_EMP) values ('12','2006','1200','200','9876');
Insert into DESVAN.JUST_NOMINAS (MES,EJERCICIO,INGRESO,DESCUENTO,COD_EMP) values ('1','2007','1200','200','9876');
Insert into DESVAN.JUST_NOMINAS (MES,EJERCICIO,INGRESO,DESCUENTO,COD_EMP) values ('10','2006','1200','200','96352');
Insert into DESVAN.JUST_NOMINAS (MES,EJERCICIO,INGRESO,DESCUENTO,COD_EMP) values ('11','2006','1200','200','96352');
Insert into DESVAN.JUST_NOMINAS (MES,EJERCICIO,INGRESO,DESCUENTO,COD_EMP) values ('12','2006','1200','200','96352');
Insert into DESVAN.JUST_NOMINAS (MES,EJERCICIO,INGRESO,DESCUENTO,COD_EMP) values ('1','2007','1200','200','96352');
Insert into DESVAN.JUST_NOMINAS (MES,EJERCICIO,INGRESO,DESCUENTO,COD_EMP) values ('10','2006','1200','200','76543');
Insert into DESVAN.JUST_NOMINAS (MES,EJERCICIO,INGRESO,DESCUENTO,COD_EMP) values ('11','2006','1200','200','76543');
Insert into DESVAN.JUST_NOMINAS (MES,EJERCICIO,INGRESO,DESCUENTO,COD_EMP) values ('12','2006','1200','200','76543');
Insert into DESVAN.JUST_NOMINAS (MES,EJERCICIO,INGRESO,DESCUENTO,COD_EMP) values ('1','2007','1200','200','76543');
Insert into DESVAN.JUST_NOMINAS (MES,EJERCICIO,INGRESO,DESCUENTO,COD_EMP) values ('10','2006','1200','200','73152');
Insert into DESVAN.JUST_NOMINAS (MES,EJERCICIO,INGRESO,DESCUENTO,COD_EMP) values ('11','2006','1200','200','73152');
Insert into DESVAN.JUST_NOMINAS (MES,EJERCICIO,INGRESO,DESCUENTO,COD_EMP) values ('12','2006','1200','200','73152');
Insert into DESVAN.JUST_NOMINAS (MES,EJERCICIO,INGRESO,DESCUENTO,COD_EMP) values ('1','2007','1200','200','73152');
Insert into DESVAN.JUST_NOMINAS (MES,EJERCICIO,INGRESO,DESCUENTO,COD_EMP) values ('10','2006','1200','200','64738');
Insert into DESVAN.JUST_NOMINAS (MES,EJERCICIO,INGRESO,DESCUENTO,COD_EMP) values ('11','2006','1200','200','64738');
Insert into DESVAN.JUST_NOMINAS (MES,EJERCICIO,INGRESO,DESCUENTO,COD_EMP) values ('12','2006','1200','200','64738');
Insert into DESVAN.JUST_NOMINAS (MES,EJERCICIO,INGRESO,DESCUENTO,COD_EMP) values ('1','2007','1200','200','64738');
REM INSERTING into DESVAN.LINEAS
SET DEFINE OFF;
Insert into DESVAN.LINEAS (NUMERO,CANTIDAD,BASE,PORCENTAJE,MES,EJERCICIO,COD_EMP) values ('1','1200',null,null,'10','2006','1');
Insert into DESVAN.LINEAS (NUMERO,CANTIDAD,BASE,PORCENTAJE,MES,EJERCICIO,COD_EMP) values ('2','-200','1200','10','10','2006','1');
Insert into DESVAN.LINEAS (NUMERO,CANTIDAD,BASE,PORCENTAJE,MES,EJERCICIO,COD_EMP) values ('1','1200',null,null,'11','2006','1');
Insert into DESVAN.LINEAS (NUMERO,CANTIDAD,BASE,PORCENTAJE,MES,EJERCICIO,COD_EMP) values ('2','-200','1200','10','11','2006','1');
Insert into DESVAN.LINEAS (NUMERO,CANTIDAD,BASE,PORCENTAJE,MES,EJERCICIO,COD_EMP) values ('1','1200',null,null,'12','2006','1');
Insert into DESVAN.LINEAS (NUMERO,CANTIDAD,BASE,PORCENTAJE,MES,EJERCICIO,COD_EMP) values ('2','-200','1200','10','12','2006','1');
Insert into DESVAN.LINEAS (NUMERO,CANTIDAD,BASE,PORCENTAJE,MES,EJERCICIO,COD_EMP) values ('1','1200',null,null,'1','2007','1');
Insert into DESVAN.LINEAS (NUMERO,CANTIDAD,BASE,PORCENTAJE,MES,EJERCICIO,COD_EMP) values ('2','-200','1200','10','1','2007','1');
Insert into DESVAN.LINEAS (NUMERO,CANTIDAD,BASE,PORCENTAJE,MES,EJERCICIO,COD_EMP) values ('1','1500',null,null,'10','2006','2341');
Insert into DESVAN.LINEAS (NUMERO,CANTIDAD,BASE,PORCENTAJE,MES,EJERCICIO,COD_EMP) values ('2','-300','1200','10','10','2006','2341');
Insert into DESVAN.LINEAS (NUMERO,CANTIDAD,BASE,PORCENTAJE,MES,EJERCICIO,COD_EMP) values ('1','1500',null,null,'11','2006','2341');
Insert into DESVAN.LINEAS (NUMERO,CANTIDAD,BASE,PORCENTAJE,MES,EJERCICIO,COD_EMP) values ('2','-300','1200','10','11','2006','2341');
Insert into DESVAN.LINEAS (NUMERO,CANTIDAD,BASE,PORCENTAJE,MES,EJERCICIO,COD_EMP) values ('1','1500',null,null,'12','2006','2341');
Insert into DESVAN.LINEAS (NUMERO,CANTIDAD,BASE,PORCENTAJE,MES,EJERCICIO,COD_EMP) values ('2','-300','1200','10','12','2006','2341');
Insert into DESVAN.LINEAS (NUMERO,CANTIDAD,BASE,PORCENTAJE,MES,EJERCICIO,COD_EMP) values ('1','1500',null,null,'1','2007','2341');
Insert into DESVAN.LINEAS (NUMERO,CANTIDAD,BASE,PORCENTAJE,MES,EJERCICIO,COD_EMP) values ('2','-300','1200','10','1','2007','2341');
Insert into DESVAN.LINEAS (NUMERO,CANTIDAD,BASE,PORCENTAJE,MES,EJERCICIO,COD_EMP) values ('1','1000',null,null,'10','2006','11223');
Insert into DESVAN.LINEAS (NUMERO,CANTIDAD,BASE,PORCENTAJE,MES,EJERCICIO,COD_EMP) values ('2','-100','1200','10','10','2006','11223');
Insert into DESVAN.LINEAS (NUMERO,CANTIDAD,BASE,PORCENTAJE,MES,EJERCICIO,COD_EMP) values ('1','1000',null,null,'11','2006','11223');
Insert into DESVAN.LINEAS (NUMERO,CANTIDAD,BASE,PORCENTAJE,MES,EJERCICIO,COD_EMP) values ('2','-100','1200','10','11','2006','11223');
Insert into DESVAN.LINEAS (NUMERO,CANTIDAD,BASE,PORCENTAJE,MES,EJERCICIO,COD_EMP) values ('1','1000',null,null,'12','2006','11223');
Insert into DESVAN.LINEAS (NUMERO,CANTIDAD,BASE,PORCENTAJE,MES,EJERCICIO,COD_EMP) values ('2','-100','1200','10','12','2006','11223');
Insert into DESVAN.LINEAS (NUMERO,CANTIDAD,BASE,PORCENTAJE,MES,EJERCICIO,COD_EMP) values ('1','1000',null,null,'1','2007','11223');
Insert into DESVAN.LINEAS (NUMERO,CANTIDAD,BASE,PORCENTAJE,MES,EJERCICIO,COD_EMP) values ('2','-100','1200','10','1','2007','11223');
Insert into DESVAN.LINEAS (NUMERO,CANTIDAD,BASE,PORCENTAJE,MES,EJERCICIO,COD_EMP) values ('1','1200',null,null,'10','2006','67890');
Insert into DESVAN.LINEAS (NUMERO,CANTIDAD,BASE,PORCENTAJE,MES,EJERCICIO,COD_EMP) values ('2','-200','1200','10','10','2006','67890');
Insert into DESVAN.LINEAS (NUMERO,CANTIDAD,BASE,PORCENTAJE,MES,EJERCICIO,COD_EMP) values ('1','1200',null,null,'11','2006','67890');
Insert into DESVAN.LINEAS (NUMERO,CANTIDAD,BASE,PORCENTAJE,MES,EJERCICIO,COD_EMP) values ('2','-200','1200','10','11','2006','67890');
Insert into DESVAN.LINEAS (NUMERO,CANTIDAD,BASE,PORCENTAJE,MES,EJERCICIO,COD_EMP) values ('1','1200',null,null,'12','2006','67890');
Insert into DESVAN.LINEAS (NUMERO,CANTIDAD,BASE,PORCENTAJE,MES,EJERCICIO,COD_EMP) values ('2','-200','1200','10','12','2006','67890');
Insert into DESVAN.LINEAS (NUMERO,CANTIDAD,BASE,PORCENTAJE,MES,EJERCICIO,COD_EMP) values ('1','1200',null,null,'1','2007','67890');
Insert into DESVAN.LINEAS (NUMERO,CANTIDAD,BASE,PORCENTAJE,MES,EJERCICIO,COD_EMP) values ('2','-200','1200','10','1','2007','67890');
Insert into DESVAN.LINEAS (NUMERO,CANTIDAD,BASE,PORCENTAJE,MES,EJERCICIO,COD_EMP) values ('1','1200',null,null,'10','2006','111');
Insert into DESVAN.LINEAS (NUMERO,CANTIDAD,BASE,PORCENTAJE,MES,EJERCICIO,COD_EMP) values ('2','-200','1200','10','10','2006','111');
Insert into DESVAN.LINEAS (NUMERO,CANTIDAD,BASE,PORCENTAJE,MES,EJERCICIO,COD_EMP) values ('1','1200',null,null,'11','2006','111');
Insert into DESVAN.LINEAS (NUMERO,CANTIDAD,BASE,PORCENTAJE,MES,EJERCICIO,COD_EMP) values ('2','-200','1200','10','11','2006','111');
Insert into DESVAN.LINEAS (NUMERO,CANTIDAD,BASE,PORCENTAJE,MES,EJERCICIO,COD_EMP) values ('1','1200',null,null,'12','2006','111');
Insert into DESVAN.LINEAS (NUMERO,CANTIDAD,BASE,PORCENTAJE,MES,EJERCICIO,COD_EMP) values ('2','-200','1200','10','12','2006','111');
Insert into DESVAN.LINEAS (NUMERO,CANTIDAD,BASE,PORCENTAJE,MES,EJERCICIO,COD_EMP) values ('1','1200',null,null,'1','2007','111');
Insert into DESVAN.LINEAS (NUMERO,CANTIDAD,BASE,PORCENTAJE,MES,EJERCICIO,COD_EMP) values ('2','-200','1200','10','1','2007','111');
Insert into DESVAN.LINEAS (NUMERO,CANTIDAD,BASE,PORCENTAJE,MES,EJERCICIO,COD_EMP) values ('1','1200',null,null,'10','2006','2031');
Insert into DESVAN.LINEAS (NUMERO,CANTIDAD,BASE,PORCENTAJE,MES,EJERCICIO,COD_EMP) values ('2','-200','1200','10','10','2006','2031');
Insert into DESVAN.LINEAS (NUMERO,CANTIDAD,BASE,PORCENTAJE,MES,EJERCICIO,COD_EMP) values ('1','1200',null,null,'11','2006','2031');
Insert into DESVAN.LINEAS (NUMERO,CANTIDAD,BASE,PORCENTAJE,MES,EJERCICIO,COD_EMP) values ('2','-200','1200','10','11','2006','2031');
Insert into DESVAN.LINEAS (NUMERO,CANTIDAD,BASE,PORCENTAJE,MES,EJERCICIO,COD_EMP) values ('1','1200',null,null,'12','2006','2031');
Insert into DESVAN.LINEAS (NUMERO,CANTIDAD,BASE,PORCENTAJE,MES,EJERCICIO,COD_EMP) values ('2','-200','1200','10','12','2006','2031');
Insert into DESVAN.LINEAS (NUMERO,CANTIDAD,BASE,PORCENTAJE,MES,EJERCICIO,COD_EMP) values ('1','1200',null,null,'1','2007','2031');
Insert into DESVAN.LINEAS (NUMERO,CANTIDAD,BASE,PORCENTAJE,MES,EJERCICIO,COD_EMP) values ('2','-200','1200','10','1','2007','2031');
Insert into DESVAN.LINEAS (NUMERO,CANTIDAD,BASE,PORCENTAJE,MES,EJERCICIO,COD_EMP) values ('1','1200',null,null,'10','2006','9876');
Insert into DESVAN.LINEAS (NUMERO,CANTIDAD,BASE,PORCENTAJE,MES,EJERCICIO,COD_EMP) values ('2','-200','1200','10','10','2006','9876');
Insert into DESVAN.LINEAS (NUMERO,CANTIDAD,BASE,PORCENTAJE,MES,EJERCICIO,COD_EMP) values ('1','1200',null,null,'11','2006','9876');
Insert into DESVAN.LINEAS (NUMERO,CANTIDAD,BASE,PORCENTAJE,MES,EJERCICIO,COD_EMP) values ('2','-200','1200','10','11','2006','9876');
Insert into DESVAN.LINEAS (NUMERO,CANTIDAD,BASE,PORCENTAJE,MES,EJERCICIO,COD_EMP) values ('1','1200',null,null,'12','2006','9876');
Insert into DESVAN.LINEAS (NUMERO,CANTIDAD,BASE,PORCENTAJE,MES,EJERCICIO,COD_EMP) values ('2','-200','1200','10','12','2006','9876');
Insert into DESVAN.LINEAS (NUMERO,CANTIDAD,BASE,PORCENTAJE,MES,EJERCICIO,COD_EMP) values ('1','1200',null,null,'1','2007','9876');
Insert into DESVAN.LINEAS (NUMERO,CANTIDAD,BASE,PORCENTAJE,MES,EJERCICIO,COD_EMP) values ('2','-200','1200','10','1','2007','9876');
Insert into DESVAN.LINEAS (NUMERO,CANTIDAD,BASE,PORCENTAJE,MES,EJERCICIO,COD_EMP) values ('1','1200',null,null,'10','2006','96352');
Insert into DESVAN.LINEAS (NUMERO,CANTIDAD,BASE,PORCENTAJE,MES,EJERCICIO,COD_EMP) values ('2','-200','1200','10','10','2006','96352');
Insert into DESVAN.LINEAS (NUMERO,CANTIDAD,BASE,PORCENTAJE,MES,EJERCICIO,COD_EMP) values ('1','1200',null,null,'11','2006','96352');
Insert into DESVAN.LINEAS (NUMERO,CANTIDAD,BASE,PORCENTAJE,MES,EJERCICIO,COD_EMP) values ('2','-200','1200','10','11','2006','96352');
Insert into DESVAN.LINEAS (NUMERO,CANTIDAD,BASE,PORCENTAJE,MES,EJERCICIO,COD_EMP) values ('1','1200',null,null,'12','2006','96352');
Insert into DESVAN.LINEAS (NUMERO,CANTIDAD,BASE,PORCENTAJE,MES,EJERCICIO,COD_EMP) values ('2','-200','1200','10','12','2006','96352');
Insert into DESVAN.LINEAS (NUMERO,CANTIDAD,BASE,PORCENTAJE,MES,EJERCICIO,COD_EMP) values ('1','1200',null,null,'1','2007','96352');
Insert into DESVAN.LINEAS (NUMERO,CANTIDAD,BASE,PORCENTAJE,MES,EJERCICIO,COD_EMP) values ('2','-200','1200','10','1','2007','96352');
Insert into DESVAN.LINEAS (NUMERO,CANTIDAD,BASE,PORCENTAJE,MES,EJERCICIO,COD_EMP) values ('1','1200',null,null,'10','2006','76543');
Insert into DESVAN.LINEAS (NUMERO,CANTIDAD,BASE,PORCENTAJE,MES,EJERCICIO,COD_EMP) values ('2','-200','1200','10','10','2006','76543');
Insert into DESVAN.LINEAS (NUMERO,CANTIDAD,BASE,PORCENTAJE,MES,EJERCICIO,COD_EMP) values ('1','1200',null,null,'11','2006','76543');
Insert into DESVAN.LINEAS (NUMERO,CANTIDAD,BASE,PORCENTAJE,MES,EJERCICIO,COD_EMP) values ('2','-200','1200','10','11','2006','76543');
Insert into DESVAN.LINEAS (NUMERO,CANTIDAD,BASE,PORCENTAJE,MES,EJERCICIO,COD_EMP) values ('1','1200',null,null,'12','2006','76543');
Insert into DESVAN.LINEAS (NUMERO,CANTIDAD,BASE,PORCENTAJE,MES,EJERCICIO,COD_EMP) values ('2','-200','1200','10','12','2006','76543');
Insert into DESVAN.LINEAS (NUMERO,CANTIDAD,BASE,PORCENTAJE,MES,EJERCICIO,COD_EMP) values ('1','1200',null,null,'1','2007','76543');
Insert into DESVAN.LINEAS (NUMERO,CANTIDAD,BASE,PORCENTAJE,MES,EJERCICIO,COD_EMP) values ('2','-200','1200','10','1','2007','76543');
Insert into DESVAN.LINEAS (NUMERO,CANTIDAD,BASE,PORCENTAJE,MES,EJERCICIO,COD_EMP) values ('1','1200',null,null,'10','2006','73152');
Insert into DESVAN.LINEAS (NUMERO,CANTIDAD,BASE,PORCENTAJE,MES,EJERCICIO,COD_EMP) values ('2','-200','1200','10','10','2006','73152');
Insert into DESVAN.LINEAS (NUMERO,CANTIDAD,BASE,PORCENTAJE,MES,EJERCICIO,COD_EMP) values ('1','1200',null,null,'11','2006','73152');
Insert into DESVAN.LINEAS (NUMERO,CANTIDAD,BASE,PORCENTAJE,MES,EJERCICIO,COD_EMP) values ('2','-200','1200','10','11','2006','73152');
Insert into DESVAN.LINEAS (NUMERO,CANTIDAD,BASE,PORCENTAJE,MES,EJERCICIO,COD_EMP) values ('1','1200',null,null,'12','2006','73152');
Insert into DESVAN.LINEAS (NUMERO,CANTIDAD,BASE,PORCENTAJE,MES,EJERCICIO,COD_EMP) values ('2','-200','1200','10','12','2006','73152');
Insert into DESVAN.LINEAS (NUMERO,CANTIDAD,BASE,PORCENTAJE,MES,EJERCICIO,COD_EMP) values ('1','1200',null,null,'1','2007','73152');
Insert into DESVAN.LINEAS (NUMERO,CANTIDAD,BASE,PORCENTAJE,MES,EJERCICIO,COD_EMP) values ('2','-200','1200','10','1','2007','73152');
Insert into DESVAN.LINEAS (NUMERO,CANTIDAD,BASE,PORCENTAJE,MES,EJERCICIO,COD_EMP) values ('1','1200',null,null,'10','2006','64738');
Insert into DESVAN.LINEAS (NUMERO,CANTIDAD,BASE,PORCENTAJE,MES,EJERCICIO,COD_EMP) values ('2','-200','1200','10','10','2006','64738');
Insert into DESVAN.LINEAS (NUMERO,CANTIDAD,BASE,PORCENTAJE,MES,EJERCICIO,COD_EMP) values ('1','1200',null,null,'11','2006','64738');
Insert into DESVAN.LINEAS (NUMERO,CANTIDAD,BASE,PORCENTAJE,MES,EJERCICIO,COD_EMP) values ('2','-200','1200','10','11','2006','64738');
Insert into DESVAN.LINEAS (NUMERO,CANTIDAD,BASE,PORCENTAJE,MES,EJERCICIO,COD_EMP) values ('1','1200',null,null,'12','2006','64738');
Insert into DESVAN.LINEAS (NUMERO,CANTIDAD,BASE,PORCENTAJE,MES,EJERCICIO,COD_EMP) values ('2','-200','1200','10','12','2006','64738');
Insert into DESVAN.LINEAS (NUMERO,CANTIDAD,BASE,PORCENTAJE,MES,EJERCICIO,COD_EMP) values ('1','1200',null,null,'1','2007','64738');
Insert into DESVAN.LINEAS (NUMERO,CANTIDAD,BASE,PORCENTAJE,MES,EJERCICIO,COD_EMP) values ('2','-200','1200','10','1','2007','64738');
REM INSERTING into DESVAN.TRABAJAN
SET DEFINE OFF;
Insert into DESVAN.TRABAJAN (COD_EMP,COD_DEP,FUNCION) values ('1','1','Vendedor');
Insert into DESVAN.TRABAJAN (COD_EMP,COD_DEP,FUNCION) values ('1','3','Diseñador');
Insert into DESVAN.TRABAJAN (COD_EMP,COD_DEP,FUNCION) values ('2341','5','Administrativo');
Insert into DESVAN.TRABAJAN (COD_EMP,COD_DEP,FUNCION) values ('11223','6','Asesor Dirección');
Insert into DESVAN.TRABAJAN (COD_EMP,COD_DEP,FUNCION) values ('11223','5','Administrativo');
Insert into DESVAN.TRABAJAN (COD_EMP,COD_DEP,FUNCION) values ('11223','4','Selección de Personal');
Insert into DESVAN.TRABAJAN (COD_EMP,COD_DEP,FUNCION) values ('67890','2','Gestor de compras');
Insert into DESVAN.TRABAJAN (COD_EMP,COD_DEP,FUNCION) values ('111','1','Vendedor');
Insert into DESVAN.TRABAJAN (COD_EMP,COD_DEP,FUNCION) values ('2031','1','Vendedor');
Insert into DESVAN.TRABAJAN (COD_EMP,COD_DEP,FUNCION) values ('9876','6','Director');
Insert into DESVAN.TRABAJAN (COD_EMP,COD_DEP,FUNCION) values ('96352','3','Publicista');
Insert into DESVAN.TRABAJAN (COD_EMP,COD_DEP,FUNCION) values ('96352','4','Encuestador');
Insert into DESVAN.TRABAJAN (COD_EMP,COD_DEP,FUNCION) values ('96352','5','Secretaria de Dirección');
Insert into DESVAN.TRABAJAN (COD_EMP,COD_DEP,FUNCION) values ('76543','1','Vendedor');
Insert into DESVAN.TRABAJAN (COD_EMP,COD_DEP,FUNCION) values ('73152','5','Administrativo');
Insert into DESVAN.TRABAJAN (COD_EMP,COD_DEP,FUNCION) values ('73152','3','Publicista');
Insert into DESVAN.TRABAJAN (COD_EMP,COD_DEP,FUNCION) values ('64738','1','Vendedor');
Insert into DESVAN.TRABAJAN (COD_EMP,COD_DEP,FUNCION) values ('64738','4','Selección de Personal');
Insert into DESVAN.TRABAJAN (COD_EMP,COD_DEP,FUNCION) values ('64738','2','Gestor de compras');
Insert into DESVAN.TRABAJAN (COD_EMP,COD_DEP,FUNCION) values ('64738','3','Diseñador');
Insert into DESVAN.TRABAJAN (COD_EMP,COD_DEP,FUNCION) values ('11','3','Diseñador');
--------------------------------------------------------
--  Constraints for Table TRABAJAN
--------------------------------------------------------

  ALTER TABLE "DESVAN"."TRABAJAN" ADD PRIMARY KEY ("COD_EMP", "COD_DEP")
  USING INDEX PCTFREE 10 INITRANS 2 MAXTRANS 255 COMPUTE STATISTICS 
  STORAGE(INITIAL 65536 NEXT 1048576 MINEXTENTS 1 MAXEXTENTS 2147483645
  PCTINCREASE 0 FREELISTS 1 FREELIST GROUPS 1 BUFFER_POOL DEFAULT FLASH_CACHE DEFAULT CELL_FLASH_CACHE DEFAULT)
  TABLESPACE "SYSTEM"  ENABLE;
  ALTER TABLE "DESVAN"."TRABAJAN" MODIFY ("FUNCION" NOT NULL ENABLE);
--------------------------------------------------------
--  Constraints for Table DEPARTAMENTOS
--------------------------------------------------------

  ALTER TABLE "DESVAN"."DEPARTAMENTOS" ADD UNIQUE ("NOMBRE")
  USING INDEX PCTFREE 10 INITRANS 2 MAXTRANS 255 COMPUTE STATISTICS 
  STORAGE(INITIAL 65536 NEXT 1048576 MINEXTENTS 1 MAXEXTENTS 2147483645
  PCTINCREASE 0 FREELISTS 1 FREELIST GROUPS 1 BUFFER_POOL DEFAULT FLASH_CACHE DEFAULT CELL_FLASH_CACHE DEFAULT)
  TABLESPACE "SYSTEM"  ENABLE;
  ALTER TABLE "DESVAN"."DEPARTAMENTOS" ADD PRIMARY KEY ("CODIGO")
  USING INDEX PCTFREE 10 INITRANS 2 MAXTRANS 255 COMPUTE STATISTICS 
  STORAGE(INITIAL 65536 NEXT 1048576 MINEXTENTS 1 MAXEXTENTS 2147483645
  PCTINCREASE 0 FREELISTS 1 FREELIST GROUPS 1 BUFFER_POOL DEFAULT FLASH_CACHE DEFAULT CELL_FLASH_CACHE DEFAULT)
  TABLESPACE "SYSTEM"  ENABLE;
  ALTER TABLE "DESVAN"."DEPARTAMENTOS" MODIFY ("NOMBRE" NOT NULL ENABLE);
--------------------------------------------------------
--  Constraints for Table JUST_NOMINAS
--------------------------------------------------------

  ALTER TABLE "DESVAN"."JUST_NOMINAS" ADD PRIMARY KEY ("MES", "EJERCICIO", "COD_EMP")
  USING INDEX PCTFREE 10 INITRANS 2 MAXTRANS 255 COMPUTE STATISTICS 
  STORAGE(INITIAL 65536 NEXT 1048576 MINEXTENTS 1 MAXEXTENTS 2147483645
  PCTINCREASE 0 FREELISTS 1 FREELIST GROUPS 1 BUFFER_POOL DEFAULT FLASH_CACHE DEFAULT CELL_FLASH_CACHE DEFAULT)
  TABLESPACE "SYSTEM"  ENABLE;
  ALTER TABLE "DESVAN"."JUST_NOMINAS" MODIFY ("DESCUENTO" NOT NULL ENABLE);
  ALTER TABLE "DESVAN"."JUST_NOMINAS" MODIFY ("INGRESO" NOT NULL ENABLE);
--------------------------------------------------------
--  Constraints for Table EMPLEADOS
--------------------------------------------------------

  ALTER TABLE "DESVAN"."EMPLEADOS" ADD UNIQUE ("CUENTA")
  USING INDEX PCTFREE 10 INITRANS 2 MAXTRANS 255 COMPUTE STATISTICS 
  STORAGE(INITIAL 65536 NEXT 1048576 MINEXTENTS 1 MAXEXTENTS 2147483645
  PCTINCREASE 0 FREELISTS 1 FREELIST GROUPS 1 BUFFER_POOL DEFAULT FLASH_CACHE DEFAULT CELL_FLASH_CACHE DEFAULT)
  TABLESPACE "SYSTEM"  ENABLE;
  ALTER TABLE "DESVAN"."EMPLEADOS" ADD PRIMARY KEY ("CODIGO")
  USING INDEX PCTFREE 10 INITRANS 2 MAXTRANS 255 COMPUTE STATISTICS 
  STORAGE(INITIAL 65536 NEXT 1048576 MINEXTENTS 1 MAXEXTENTS 2147483645
  PCTINCREASE 0 FREELISTS 1 FREELIST GROUPS 1 BUFFER_POOL DEFAULT FLASH_CACHE DEFAULT CELL_FLASH_CACHE DEFAULT)
  TABLESPACE "SYSTEM"  ENABLE;
  ALTER TABLE "DESVAN"."EMPLEADOS" MODIFY ("CUENTA" NOT NULL ENABLE);
  ALTER TABLE "DESVAN"."EMPLEADOS" MODIFY ("RETENCION" NOT NULL ENABLE);
  ALTER TABLE "DESVAN"."EMPLEADOS" MODIFY ("HIJOS" NOT NULL ENABLE);
  ALTER TABLE "DESVAN"."EMPLEADOS" MODIFY ("NOMBRE" NOT NULL ENABLE);
--------------------------------------------------------
--  Constraints for Table LINEAS
--------------------------------------------------------

  ALTER TABLE "DESVAN"."LINEAS" ADD PRIMARY KEY ("NUMERO", "MES", "EJERCICIO", "COD_EMP")
  USING INDEX PCTFREE 10 INITRANS 2 MAXTRANS 255 COMPUTE STATISTICS 
  STORAGE(INITIAL 65536 NEXT 1048576 MINEXTENTS 1 MAXEXTENTS 2147483645
  PCTINCREASE 0 FREELISTS 1 FREELIST GROUPS 1 BUFFER_POOL DEFAULT FLASH_CACHE DEFAULT CELL_FLASH_CACHE DEFAULT)
  TABLESPACE "SYSTEM"  ENABLE;
  ALTER TABLE "DESVAN"."LINEAS" MODIFY ("CANTIDAD" NOT NULL ENABLE);
--------------------------------------------------------
--  Ref Constraints for Table JUST_NOMINAS
--------------------------------------------------------

  ALTER TABLE "DESVAN"."JUST_NOMINAS" ADD FOREIGN KEY ("COD_EMP")
	  REFERENCES "DESVAN"."EMPLEADOS" ("CODIGO") ENABLE;
--------------------------------------------------------
--  Ref Constraints for Table LINEAS
--------------------------------------------------------

  ALTER TABLE "DESVAN"."LINEAS" ADD FOREIGN KEY ("MES", "EJERCICIO", "COD_EMP")
	  REFERENCES "DESVAN"."JUST_NOMINAS" ("MES", "EJERCICIO", "COD_EMP") ENABLE;
--------------------------------------------------------
--  Ref Constraints for Table TRABAJAN
--------------------------------------------------------

  ALTER TABLE "DESVAN"."TRABAJAN" ADD FOREIGN KEY ("COD_EMP")
	  REFERENCES "DESVAN"."EMPLEADOS" ("CODIGO") ENABLE;
  ALTER TABLE "DESVAN"."TRABAJAN" ADD FOREIGN KEY ("COD_DEP")
	  REFERENCES "DESVAN"."DEPARTAMENTOS" ("CODIGO") ENABLE;
